,Ctrl-1,Ctrl-2,SHED-1,SHED-2
Tuba1a,0.157759783166874,0.156647812120447,0.184710250434562,0.188105620654972
Psap,0.161793587049807,0.160558652792097,0.184380653938722,0.184490713359805
Me1,0.151053591172678,0.144038404523511,0.184992943778191,0.211505782581164
Acta1,0.154919014750326,0.16358228210916,0.206076565411052,0.177621406311356
Ctsd,0.162780606643159,0.160573519434518,0.192656475435462,0.187704953653178
Acaa1b,0.150838179608806,0.156900021262459,0.207722742252395,0.177158268481169
Gm49804,0.195422511834259,0.20096230796789,0.13753260782306,0.165856068920945
Gstm3,0.192195534763569,0.181632118280094,0.149305311471201,0.167889263783259
Atp5o,0.162283357816998,0.158076873167092,0.180815634387586,0.168889111345485
Myl6,0.152313843237902,0.166938908030057,0.185032375488334,0.178474867437713
Slirp,0.280268362206107,0.178148609945121,0.121599839950395,0.150134248726728
Col1a1,0.226588856352642,0.309847614060012,0.0720738348976907,0.140818998668884
Pa2g4,0.158589279769538,0.167821224661132,0.189585951166857,0.172975269424603
Eif4a1,0.160726626258361,0.158716297781905,0.18838531705576,0.18320506891592
Hbb-bt,0.146211899164158,0.151421754646865,0.186169523128705,0.238466803919294
Atp5mpl,0.221916489599253,0.190962788087482,0.117945647910964,0.162433018816592
Cyp2c37,0.191845758603646,0.172449923357961,0.145371480340306,0.150154456861545
Khsrp,0.189611089670468,0.184496579626049,0.152383268063833,0.145136654164329
Ctsh,0.15001636767253,0.159570634700801,0.193748608262163,0.16979210347391
Rpl23a,0.191337333660877,0.193262930308716,0.142220312897346,0.171033070501895
Fmo3,0.191747995481575,0.186258694730882,0.146836215246813,0.14596836083078
Asgr1,0.226451450209972,0.201218889723682,0.114153052090546,0.159081533515587
Nipsnap1,0.155277582017947,0.157459870337562,0.191307893060562,0.16063829585753
Ehhadh,0.143713674186624,0.170658239669619,0.227428832240325,0.164022920983875
Pygl,0.190244386429726,0.17559080443937,0.177141814684563,0.151936322704495
Rpl37rt,0.187731738703237,0.203106276114323,0.145876725795609,0.156310117248721
Gc,0.165977986208283,0.163624731167784,0.189190174486903,0.184102022805918
Prdx1,0.165474431006245,0.158125156206874,0.192648598354379,0.174965841247932
Gstp1,0.157228882593947,0.157405432305862,0.195891459105158,0.158016023282218
Tkt,0.161036873650927,0.153308645515779,0.202389828934826,0.173172702851436
Coq9,0.155049894752659,0.163055126839762,0.212331727220485,0.171670504381473
Mttp,0.159662047225484,0.156693507645441,0.200979994480373,0.181742300141252
Rplp0,0.159042313596163,0.147069969452212,0.211997694657612,0.179170036575811
Prdx3,0.162941929016827,0.154956812595304,0.199014244718085,0.178748093123868
Col1a2,0.193663517264442,0.26878317936116,0.0930024602724817,0.168663845782776
Cox5a,0.154176473659617,0.158990876016667,0.220274922783041,0.170478516070169
Trf,0.160760287902072,0.143268608626803,0.181927912476326,0.235764543301341
Gstt3,0.149234268312302,0.163827824412073,0.198663903290983,0.178034380207762
Grn,0.154038116282974,0.164560029947685,0.171118514230274,0.203813981105703
Atad3a,0.19691941440512,0.181198244509518,0.137734601134161,0.161402881515203
Slc25a22,0.223084988786691,0.173455034520248,0.121701324610859,0.178979648105891
Rpsa,0.163933031322604,0.150723659332463,0.200643866703236,0.173012588014706
Rpl22,0.157535975835117,0.168896343043576,0.189173649075841,0.176558387455388
Atp5j,0.15355259985448,0.153613294834766,0.219421148784021,0.1675273384322
Rplp2,0.157341275751282,0.168094922657272,0.193962701415401,0.173871985649005
Agl,0.22913237446622,0.215208187337757,0.189111913507326,0.144129974337562
Gphn,0.19446884171617,0.190849466441393,0.167977590161474,0.155984988685798
Ctsb,0.163269136895451,0.171507948696041,0.192746560355026,0.182106184586551
Rpl29,0.202592419386694,0.208325466855488,0.110984211879076,0.172055031831791
Pcbp1,0.193821248097323,0.184934697895121,0.159736095314895,0.163053539979327
Rps20,0.204342768712573,0.210323039098495,0.155100710492489,0.15962705359252
Timm13,0.162116179577404,0.162372947907109,0.187905265160684,0.180656210358765
Fh1,0.162491064370522,0.15711823671337,0.19115497063987,0.18560950969726
Fmo5,0.18391300099102,0.178327843130682,0.14825537810669,0.157592607434263
Slc27a5,0.197551882091884,0.184317197544873,0.165365047902538,0.166145082463521
Q61838,0.140689957843617,0.157530925195308,0.188809627095657,0.255808991562178
Hspe1,0.15896801001964,0.159762196699613,0.195128761010997,0.181016460083222
Rpl35,0.212741337599842,0.233813875741027,0.109378093039832,0.168267365289428
Hnrnpa3,0.144809603123283,0.17503102755709,0.184647452613134,0.178667565994278
Hadha,0.163140268081762,0.159042211710614,0.181358768701866,0.173654327772452
Fgb,0.11925466166623,0.14467428143341,0.191467241373392,0.27424677384482
Fahd1,0.151693400919494,0.163941219485325,0.19481539056537,0.178542383634518
Ddx1,0.211321270523484,0.212843146890399,0.124898334103651,0.139479866516113
Trap1,0.161063876253618,0.166376431484222,0.188859812551506,0.179599012025667
Pdhb,0.165195512445261,0.152044011222187,0.192139772508016,0.18111098269663
Ndufv2,0.147102221910095,0.182576380975521,0.193040071224421,0.17804677791968
Ddx39b,0.189304996251621,0.180635103401878,0.155022659058115,0.160623040334986
Atp5b,0.160201162963113,0.15352975878291,0.193236230622766,0.170666713444197
Ldha,0.166491489872555,0.163353893045605,0.218917238164253,0.177647379877685
Car5a,0.213233978572332,0.167518824166956,0.153273109986406,0.156526675689613
Rps3a1,0.185963208119051,0.179752085582458,0.146606649443205,0.168572510947096
Stip1,0.165690133206776,0.168258887098757,0.180096541958002,0.176671788402184
Hmgn1,0.22573690308744,0.205463795695243,0.148211118457098,0.162389624568626
Fn3krp,0.230077147342096,0.228532724524545,0.139284039489135,0.151644386019422
Acsf2,0.163175820857601,0.161918993999776,0.184998451872973,0.190509959171819
H1f4,0.22167726154298,0.230061703198445,0.0949409722085509,0.164159622487479
Rps24,0.195736098840485,0.1881315026219,0.140841483404172,0.185780795038014
Esd,0.163515920667132,0.162315183818065,0.196609511165067,0.167783423016702
Pgrmc1,0.185985761118963,0.183121028112143,0.148778746736655,0.166420040509267
Hsp90aa1,0.173572389012898,0.152759074395492,0.194891385801551,0.182098860135796
Apoa2,0.152311272816762,0.168286746174265,0.243473243516356,0.192997229902128
Scp2,0.162823746229869,0.161587958208276,0.194882418556916,0.174485078663037
Rpl6,0.205305010160822,0.187423309359483,0.139818356098229,0.166938602302297
Abat,0.156095152322554,0.160231252825033,0.200296872900758,0.167847636041224
Rps9,0.271403999575302,0.215898999154972,0.106732786748348,0.17780986296357
Ldhd,0.189975558787254,0.181265271605433,0.160354588038709,0.172387888241628
Pdia5,0.16394646741044,0.172447937033108,0.181872859145576,0.183813961036614
Uqcrb,0.168685207616805,0.159678659602704,0.257415334794192,0.167234834749557
Rrbp1,0.235912248592194,0.193114910428691,0.15566411591511,0.162671003935975
Acot13,0.189756104378409,0.206529374006143,0.176780393255883,0.165554668215295
Srsf5,0.202476267885761,0.186658574030852,0.159897723887321,0.164202387459853
Sucla2,0.166586444786959,0.157130023526405,0.191066284228465,0.178971537126423
Asl,0.181151130470183,0.185339088580469,0.167348754275434,0.159467524911528
Ppa1,0.163142438135268,0.164847104496274,0.186163581397427,0.166155053190048
Hdgf,0.157167146349685,0.159964513682839,0.196481966597133,0.174491813658075
Serbp1,0.198080425032614,0.190606020616264,0.16147532946174,0.163264896251554
Dlat,0.162869932747061,0.15436155893574,0.179450122760944,0.178230099047241
Sar1b,0.143232977349927,0.149550367732582,0.217276935209098,0.167959093334325
Sptbn1,0.209999767098668,0.189689841658207,0.140365957853881,0.155427652958408
Ndufa5,0.14668498860627,0.15558721005719,0.207858829267147,0.173987758092431
Wdr1,0.167173182397268,0.161806563336213,0.180249054094914,0.190316243292598
Ywhag,0.204123973012419,0.188854027366616,0.159669730759567,0.164865564410386
Uggt1,0.154027886408131,0.163270012803579,0.207965624805286,0.182752576531486
Acaa1a,0.166870351364664,0.163138205855051,0.187263417488939,0.167101540045243
Hsd17b10,0.162686669023352,0.155647259414411,0.198209704085656,0.167399598039571
Chchd3,0.196726232254392,0.22033573491059,0.145533501746623,0.175918991669637
Crip2,0.162243607632686,0.165016687210321,0.204612588447505,0.177873976338662
Etfb,0.160066857567843,0.160776773006069,0.19067007352069,0.16808511187395
Acsm3,0.232319900049925,0.205352335151896,0.138896709207684,0.165874528040733
Ctsz,0.178420694456769,0.165879549873481,0.194283000499481,0.188863955597323
Ephx1,0.212839401053941,0.184975895765243,0.103986294520314,0.173898493300951
Calr,0.176024240441103,0.166722229743506,0.192014700339196,0.185345898503324
Rack1,0.167083640300728,0.165882368409052,0.181548288347142,0.168745614276087
Cyp2e1,0.175739303055847,0.18191097802193,0.140094449179939,0.164322123659357
Acsl5,0.187444422888038,0.188752940979555,0.148664321409696,0.173808029407913
Psma7,0.156264294791007,0.161362071639044,0.184011173160075,0.172704882163533
Atp2a2,0.202189792884578,0.193433538545124,0.122456101560297,0.157443907618554
P01837,0.173355819931334,0.161727868861488,0.18269390690937,0.229756432119763
Acads,0.163857669965763,0.16246371963853,0.19260999338915,0.168559699947974
Mgst1,0.189395097989049,0.187829193331819,0.0987160049345384,0.177788602758323
Calm2,0.165270274746055,0.166465529063534,0.201834647849594,0.167179685268303
Dtx3l,0.222285133612402,0.1916670464412,0.138299982487039,0.140735936908298
Ndufv1,0.16871451216848,0.156061021475613,0.198800383246054,0.16851018832528
Dbt,0.165911555874187,0.159413501462506,0.192714630621421,0.171975127361024
Alb,0.147538807222208,0.159173567547132,0.173836000447541,0.269856987623255
Txn1,0.163831410325367,0.166539935727656,0.187630171310692,0.169895030480145
Rpl3,0.185328534319948,0.182321539249797,0.149192058495275,0.167835840038248
Hmgcs2,0.160523236397677,0.144873128911298,0.229481154127457,0.157517807046953
Hnrnpu,0.189811710398228,0.195279715982825,0.156799863995597,0.174913214361171
Glyat,0.171982498104173,0.150181257479002,0.201361988552012,0.162168557178198
Scpep1,0.171430884902927,0.157066954942989,0.186815949183172,0.169502250458091
Rsu1,0.194892637432021,0.186932984914729,0.163028816230301,0.161911321566241
Sun1,0.166257451296611,0.23409449919366,0.131822392227812,0.121775237853061
Atp5e,0.182812750852766,0.183518349193864,0.138860743083817,0.160730071775309
Ndufs7,0.176397824433637,0.166208167957778,0.152769745358107,0.173460499091013
Rpl8,0.187454306716768,0.197544967677495,0.12152652451892,0.175711406746596
Eef1b2,0.164420186137929,0.161618034511015,0.210951488283778,0.173614631888957
Mettl26,0.170138102693323,0.169730026958977,0.174750750855122,0.184864750272768
Cmas,0.166604142928967,0.20861172741147,0.136764124413617,0.135090117860653
Tecr,0.190263389643848,0.170169354176965,0.105115921685125,0.169214921151219
Ap2a1,0.224101015678998,0.251605800667481,0.13184758134744,0.12358819262384
Rplp1,0.142714483979617,0.163268374381243,0.198173616619593,0.179537794942356
Acadvl,0.164591145667716,0.157484367338141,0.204083497649015,0.16606438658391
Rpl31,0.18425939249313,0.191094939308787,0.167237445750739,0.157539805475486
Ugt2b36,0.210497511957662,0.182475987607759,0.113985123696409,0.183315523993089
Uqcrfs1,0.170974854452989,0.164020228992359,0.180173166018603,0.16791848219467
Rps7,0.166472851292944,0.16378448617001,0.185724630307116,0.176114098064341
Nit2,0.16757547525268,0.167113606447011,0.189542918987689,0.168867382698817
Hspa4,0.182624905696651,0.18102068133321,0.172692313564222,0.155951897496036
Tmem205,0.190343740312016,0.174835334013266,0.153920875069758,0.184278574342856
Tpp1,0.148655027255503,0.17920891118949,0.188697264527886,0.183802748831392
Septin9,0.149220232061991,0.139923348304578,0.173454108299024,0.184011318760025
4931406C07Rik,0.161012643105952,0.150481524811627,0.240968946449545,0.162579308099384
Uqcrc2,0.168426464859061,0.155793692862159,0.191380238121276,0.163927049166638
Timm8a1,0.166199892437831,0.163214744427226,0.196099206538188,0.170810824699753
Ndufs6,0.165712343709115,0.157091159328233,0.198280832153661,0.171270850719309
Rpl34,0.198036485188426,0.214003160614885,0.118742658973438,0.187643568101222
Hnrnpm,0.16197111835847,0.169610675166877,0.181451222659301,0.197481763025865
Vapa,0.205329144984532,0.19647791092937,0.138646262693134,0.177041760899703
Ank2,0.226841717314065,0.201386518225872,0.0739467694701774,0.155712603033006
Eif2s3x,0.162850854651627,0.156628527029971,0.198161774414676,0.16919654645123
H1f0,0.192774894165986,0.203983571471732,0.101467749571825,0.172025030252308
Mif,0.191597456925876,0.202969809892038,0.184771363310437,0.145780148227328
Rpl12,0.171983702799051,0.151908924464776,0.190469207059867,0.188705375770328
Capza2,0.169486185157978,0.158168289203592,0.192277146386502,0.173164537849419
Gulo,0.190687117255419,0.167174722701828,0.147769050597408,0.178718745365342
Rps14,0.174480897276388,0.183777772821203,0.154936875277387,0.171732635628522
Ran,0.149288885116949,0.154439493232628,0.226791813235738,0.168323600987121
Elavl1,0.195160800074357,0.174638536540911,0.139024772218115,0.158069683901348
Apoa1,0.134815931846978,0.159786481971092,0.190275521093173,0.234232589449185
Psmd11,0.15251860175021,0.163122257113895,0.186259515653151,0.175480052733799
Rpl15,0.198542279743627,0.184974380016312,0.142547181745783,0.190972911037864
Isoc2a,0.141023089192768,0.15515946804788,0.229672790500027,0.156832602433936
H3f3a,0.200077861503867,0.201645432242422,0.100317591758241,0.164974320983193
Gaa,0.155215618903029,0.15157469509933,0.19050726264922,0.177782133586537
Psme1,0.196558731656453,0.182818054084359,0.171011460343944,0.169799447084674
Canx,0.19067028552403,0.179102346031272,0.126528836326737,0.182769051673047
Cox7a2,0.165989604124862,0.152711912625656,0.176779804028131,0.187697717789389
H1f2,0.206366682274865,0.209343184023236,0.107926331285477,0.181190492963036
Rpl13,0.189797312684062,0.198412914105355,0.0991672195015566,0.179105687484042
Eef1d,0.156360984194094,0.168476732126308,0.187882778515548,0.183387902537435
Alad,0.171559726638797,0.154789229510762,0.211838079306932,0.199695211836284
Por,0.183515883109743,0.189374715505443,0.132637161549581,0.174569742204322
Cyp2d22,0.176219335511063,0.183213556166944,0.132427193453063,0.168648642244976
Pah,0.156492530382996,0.175484927240069,0.18188059646678,0.173036469505039
Srsf3,0.164525969271622,0.161180315592592,0.201958172414197,0.173279807872981
Ywhab,0.172603858802663,0.185639628532175,0.167235140910946,0.135894499554983
Hint2,0.17010623745672,0.16440043157905,0.191211961810558,0.165891196079812
Hibch,0.1641233045302,0.1673991037058,0.193249878620702,0.176914460078545
Dlg1,0.186222127529894,0.244966595224464,0.106455890811845,0.14715055258613
Ndufa9,0.186216299366117,0.17375066209458,0.14975970227376,0.179283395025947
Car2,0.171927817939805,0.156574820279374,0.179279259922979,0.199151603315055
1110004F10Rik,0.159577510637009,0.106862222720283,0.126691703140475,0.160495072221991
Abcb11,0.200111176533451,0.176167982700961,0.125703688327651,0.152523519675276
Gss,0.158570504167835,0.162183897900132,0.173852753349743,0.185321616433138
Eno1b,0.178098236741521,0.164596304389856,0.196546493373902,0.176855503635862
Tubb4b,0.17192161005983,0.159522991814027,0.201051342434483,0.166057245043353
Pdha1,0.189450590869735,0.170623450559582,0.188058815718494,0.156066174681484
Pcbd1,0.182257343897449,0.183014712949006,0.151062949780402,0.179438728228384
Bcap31,0.3000734059758,0.177881250395735,0.131457492679447,0.173754151455468
Cyp2c29,0.179881024163523,0.172162277759058,0.130157004992538,0.181714962446465
Cyb5b,0.228275466796214,0.195040804071535,0.123534879603889,0.184636951420583
Immt,,,,
Pdia3,0.177489938640162,0.157220629833891,0.177789723828018,0.204603568349822
Crot,0.160297508796159,0.148035639639219,0.202771157845352,0.174075682038265
Grpel1,0.159449733428723,0.169238164263214,0.173186462415535,0.207523890563723
Rps28,0.17925410491671,0.178982082888667,0.167453068596678,0.16446904256807
Urah,0.159987559629164,0.171013863199275,0.226380972991647,0.174913981719735
Got2,0.166337151564952,0.15222513409979,0.20958276824788,0.154921646935749
Pnp,0.157352063340519,0.166332031297691,0.196541203359639,0.187336066481959
Ephx2,0.15827386855413,0.1546958766592,0.191168561099235,0.165577511101701
Psmc4,0.155710096676731,0.154534521359353,0.186938637275808,0.177883392912635
Tubb5,0.156899102921753,0.16819973980765,0.16633908745079,0.186127715697719
Myh9,0.17740375200268,0.193791538034577,0.154513396239104,0.17229683284094
Acot2,0.156061743803455,0.171858871306355,0.183818942723097,0.168730012537586
Psma5,0.150957651605456,0.184528645874054,0.18266266437343,0.193500750443718
Entpd5,0.17778401817659,0.179468343293674,0.16985996495955,0.171496769448075
Decr1,0.163487565704547,0.163940714458053,0.196861557049376,0.163665131898219
Lgmn,0.156165619597875,0.16253305267762,0.173892895013412,0.227061448785176
Hba-a1,0.155841208971557,0.170564078438922,0.169620805789102,0.234443259803702
Apoc3,0.16216676898307,0.163612143407676,0.20380864625481,0.172493084793515
Tpi1,0.158419646689376,0.184282475488844,0.198792447678542,0.172696253907896
Hint1,0.170783129471492,0.165994381718363,0.186887171153191,0.174565447860624
Ndufv3,0.179285738953769,0.168874428639886,0.217737970058379,0.161341339892245
Slc25a3,0.188245581685467,0.17869232994916,0.112601339902465,0.173788724607631
Srsf1,0.154982099310544,0.16797117705646,0.173318095726183,0.182638052583471
Otc,0.163329322993363,0.149848289496825,0.198628684654078,0.154749591889443
Tuba1b,0.1610722761315,0.159331217205057,0.174572016213249,0.176444460531714
Glul,0.202432755445439,0.180569809495505,0.172796400770083,0.175429052165036
Eif5a,0.152122820514722,0.172450325315791,0.187404693621058,0.189445741523498
Adh1,0.159039868605316,0.148511414035008,0.252730578175853,0.163053571947627
Cyp2d10,0.170680819384825,0.173706770849629,0.14878112088438,0.157281786558992
Adh5,0.166241803243486,0.155171250143571,0.217576881836364,0.156422214998099
Sult2a1,0.151220679531294,0.152747588845899,0.182575594187391,0.231244913758431
Rida,0.170919644276493,0.158236845112781,0.19741062088489,0.164297409228075
Atp5j2,0.176197584089758,0.169449303106465,0.130956600987885,0.17734120589178
Pebp1,0.168455487221936,0.155270953375908,0.208925175736377,0.172923774999336
Rab11b,0.189183845705589,0.176868830868529,0.133956037992776,0.174962808113413
Rpl28,0.183826700147548,0.176848326951327,0.150752287936442,0.160880171774355
Clybl,0.168407064340775,0.169028263336831,0.189594381128758,0.165549028640611
Idh3a,0.167843027258543,0.1696412614203,0.165343194632464,0.219292501731588
Glud1,0.18663367811233,0.174480252792927,0.171519671223367,0.166614894259259
Eci2,0.160312516171677,0.167507052218785,0.179303189139261,0.177908494141108
Cyp1a2,0.186376700025424,0.178446463784476,0.149948262990145,0.178986115543436
B2m,0.209210469156793,0.167709236198196,0.163251689865329,0.179627457051609
Ptma,0.225460559910383,0.219588680489372,0.158366132596033,0.163522204285886
A0A140T8T4,0.187970772411578,0.187592859701626,0.143665433117113,0.155668856519738
Comt,0.157733175831453,0.162132887683213,0.170445684071075,0.175678037172
Gstt1,0.167149807849299,0.160174077467246,0.187289515802131,0.174240928662487
Atl3,0.172608677658556,0.164227544720411,0.155145233790685,0.151101383159784
Rpl14,0.186483051185433,0.189505234636705,0.11369320118842,0.191585650060621
Ctsc,0.176568615820008,0.165798038873026,0.169062663245918,0.21229905010669
Gpx1,0.164254941706229,0.164599274083412,0.199067825026949,0.174289320138878
Mydgf,0.210121549440688,0.187610898245174,0.176505766361981,0.157824389327438
Ndufa8,0.217148678919093,0.239961764177083,0.176986051632566,0.158276624799956
Hadh,0.164126841291239,0.156859783461632,0.198697280588452,0.164913355341289
Vcp,0.164257070709161,0.166247053785272,0.191407115448125,0.187544040597058
As3mt,0.196586872574966,0.179762216936494,0.150674620012073,0.186637991935642
Rps16,0.184191195949424,0.178486612768265,0.10989639623337,0.156855640536413
Mtarc2,0.177978113001975,0.177808157430351,0.124750816230406,0.176839447137319
Vps35,0.194968019674167,0.182160610570647,0.17049754780866,0.140187007038225
Hnrnpa2b1,0.171184407951594,0.172064090343563,0.184001367881295,0.179820750645781
Acp1,0.149844600994272,0.154448743774848,0.210698982533481,0.184115221786032
Ctsa,0.183014253456321,0.1771951323686,0.158406884355633,0.145605356036279
Dpp4,0.204340046874056,0.173860528111914,0.156978560278635,0.16869265777042
Hnrnph1,0.18004077653166,0.184456080586751,0.160696902082511,0.169275904622524
Mat1a,0.1765056829554,0.184690545245306,0.179044494041559,0.159458681454082
Hsd11b1,0.187964309582761,0.174509863899252,0.117664181261413,0.180686867447788
Pura,0.166400381316181,0.141604342236888,0.206645697638728,0.168854108718658
Gdi1,0.151926109495258,0.159843372310833,0.173051512485609,0.189946118481986
Rpl19,0.205262347413632,0.215434879077978,0.124487264435676,0.180411155557628
Uroc1,0.166785154341097,0.169194365043789,0.21415113171782,0.16624751191232
Rps6,0.178200665223937,0.179735331312994,0.141250242796058,0.167952169055844
Iqgap2,0.17199038571349,0.165565285904622,0.158611138537249,0.269852676007559
Rpl24,0.178825690343167,0.194318465796078,0.100164453294744,0.190943465388601
Arhgdia,0.172030225769601,0.187050462440677,0.221806264749568,0.174145977425856
Arpc5,0.150500670485629,0.171662670839619,0.220950954484492,0.183234094450398
Atp1a3,0.170516657548998,0.181187942954866,0.166602539331603,0.170113552746211
Ddt,0.18428134954149,0.168193233891161,0.164257592966993,0.164025148279978
Rpl27,0.177889441409529,0.180506512392105,0.140726945653815,0.174687860788638
Aldh5a1,0.184539830087228,0.166607989335678,0.176021293634113,0.149936883122569
Atp5pb,0.182420610989659,0.178771016037998,0.133340099776016,0.176293016398658
Csad,0.146343853772097,0.185594648314751,0.19402807136801,0.174945844152617
Etfdh,0.166060721306735,0.159175932527317,0.184467257042778,0.177160003698253
Hnrnpc,0.219306056499522,0.202793542741774,0.159130427265946,0.17653605048887
Mettl7a1,0.187736996986145,0.172585323668029,0.150809375809689,0.162785539880488
Hadhb,0.191094752066726,0.156070674778865,0.185572640244345,0.163716283789
Rab6b,0.174156017638093,0.18490508841978,0.145461993856462,0.172297782231894
Gm20390,0.165591076375948,0.158941684244344,0.19130431524277,0.161925192388437
Sec23a,0.175733013952466,0.191420687277974,0.164365589279777,0.158674049433266
Anp32a,0.186533115088439,0.226445628118714,0.185297353681377,0.1566241538451
Acly,0.19016274141813,0.180895175838626,0.191227362226775,0.15757083305575
Psmd2,0.153322121187989,0.17508579702252,0.155907632753307,0.145955586404611
Gstk1,0.164548052167667,0.163298423930327,0.175550682228538,0.180835472946687
Ppa2,0.172923480672565,0.171349513206691,0.184137738871701,0.179717825884563
Acox1,,,,
Rhoa,0.166639068085957,0.193568296078212,0.151108074467565,0.181141481317544
Npc2,0.150626861088545,0.166196666214323,0.189359738083899,0.172477639929939
Vapb,0.177775804152632,0.191357662908944,0.126966414207385,0.173995612906317
Msra,0.187527278903796,0.212078160664398,0.178451279879134,0.159046651555996
Rps15a,0.206166884780239,0.191570582718015,0.170246183509439,0.170070288229483
Ppif,0.175073118330736,0.164274719124558,0.202090237721118,0.184165918411661
Actn4,0.171378167540288,0.157405258944007,0.187514479909356,0.176861609635832
Gnb1,0.216139027114301,0.170881368404449,0.176437688788733,0.16890757755458
Cfl1,0.16484610235452,0.17664356273432,0.175655193320574,0.170549810112055
Ugt3a2,0.189129878782793,0.183324092982808,0.152226357130353,0.176707606344737
Dnaja2,0.14887486556036,0.15823063197269,0.182277589870859,0.178038724124014
Rpl32,0.180202066945268,0.175118904015621,0.1645782257346,0.158006231219183
Aldh1a7,0.162936777857103,0.163889087069609,0.188139860585873,0.169859344923835
Cyp4a10,0.195146484533148,0.173820485971104,0.152391964316083,0.16934419569884
P50136,0.166712025888388,0.167203796033177,0.172304044764609,0.172095889396402
Bdh1,0.165715692357114,0.161466384163853,0.183747807736532,0.173451266688553
Acot1,0.164518703805812,0.171640537953976,0.184831567839017,0.147098486165984
Tcp1,0.206309799307975,0.190040202867469,0.180556951391361,0.159620398250794
H2az2,0.177789805597311,0.176050308652896,0.160719058530394,0.162067590254325
Suox,0.185710388763722,0.17851177199182,0.163315840005745,0.157361162651873
Aldh7a1,0.166748860636256,0.153002018820412,0.218806451351965,0.15832913622898
Uba1,0.164594635564446,0.165683648783812,0.178304449285949,0.175506966033792
Prdx2,0.168627713710444,0.164092452086175,0.169134147419126,0.176950399086399
Sdha,0.17034705122903,0.162027419797138,0.188095591813527,0.162095108885879
Grhpr,0.156453129794643,0.161842466214025,0.200979866904008,0.163491222274828
Rpl18a,0.187212878309141,0.221001133575465,0.0794015651651932,0.204183876602952
Rpl17,0.191239457401757,0.178887363401163,0.108736322700891,0.184891163859332
Glrx5,0.157300193796156,0.170588785911176,0.188686544737711,0.176240463098104
Psmc5,0.171250063926056,0.171496893986519,0.184746622585606,0.165102409111311
Gnb2,0.165968948255007,0.148170379831718,0.213450466563521,0.185497920583567
Pccb,0.165904736566826,0.167596260319797,0.174201995117238,0.188292938213318
Psmd4,0.161986910889793,0.162403765518644,0.189197854725751,0.184760522143617
Mdh2,0.165645245922386,0.166736205198344,0.192408485147566,0.162239474284427
Ppia,0.156563413968305,0.172779315766904,0.211539506371367,0.160424137042433
Pgd,0.16015782360495,0.174018075617747,0.166630390232396,0.186394777464987
Cltb,0.173818196577116,0.160855405349233,0.184797320198412,0.167693048266166
Lmnb2,0.214517703843671,0.223909714236032,0.115786568902333,0.166606266920151
Hacl1,0.162436388253592,0.172509901625808,0.215119809917776,0.160151106728772
St13,0.159904048903235,0.160641274029899,0.182505267418796,0.165437535747202
Ass1,0.17651938005836,0.187363624939628,0.176440693895086,0.147631067287056
Cox4i1,0.186202844753235,0.169576677175217,0.152643551993526,0.173615799856833
Ndufb3,0.184881559958012,0.174537580513653,0.176624812460148,0.176957669866914
Dnah11,0.217713431829667,0.204670700004561,0.0453007987743644,0.177433622456556
Dbi,0.161259370478681,0.174087774311323,0.206365180344568,0.163352162951393
A0A075B6A0,0.149573531535941,0.159983857321366,0.162939237236942,0.207774108773192
Neb,0.224446961476884,0.206672077459846,0.16360669530778,0.148741608599816
Atp5a1,0.173547648172673,0.179547877737107,0.177721851970607,0.156692862351523
Q61941,0.200414914622984,0.164747977062527,0.128107252296535,0.171285334645379
Hyou1,0.157644399097739,0.154183410131538,0.179163607784947,0.181492293461575
Iigp1,0.210764957272832,0.173538563029779,0.116112204568562,0.193144085145748
Dst,0.169550077810503,0.18423294428781,0.120362356014507,0.167490736953544
Atp6v1a,0.210643804883691,0.202742257830434,0.169957588021223,0.139045740691187
Ndufa4,0.175623839416088,0.163377120906151,0.164679094262672,0.183645216300739
Aldh8a1,0.15883613319741,0.160451838462162,0.198050628779517,0.164970561977003
Ftl1,0.220315551947322,0.180803076939119,0.135326437024545,0.144436892218273
Ttr,0.187888246555886,0.187405527799276,0.149378612349708,0.163280965883562
Idh2,0.169045691617691,0.159355312547028,0.206250315352172,0.156653565452337
Rpl23,0.172056691625065,0.178153513249645,0.13442525311292,0.175090431326131
Lpp,0.173757790712678,0.229740850370905,0.169923087897283,0.174724671956014
Ugt2a3,0.183860984557984,0.171910943247188,0.119391423217012,0.167973004884437
Pls3,0.188934063564583,0.191233223285726,0.18331363395217,0.169293641269006
Atp2b3,0.204552717896544,0.206201498269872,0.110264069097008,0.156136174771229
Dstn,0.160639365989276,0.168927626253583,0.185556736137168,0.182292604459222
Suclg2,0.170496375397218,0.170091070600959,0.180994845788944,0.169586163814368
Ptbp1,0.190113269183097,0.196383933455536,0.157216489694762,0.180411939239731
Dhrs4,0.192444248194194,0.177491695624006,0.173641979295451,0.153019428119525
Tpm1,0.163294464468231,0.15972304708365,0.203164588058706,0.170609908373956
Stt3a,0.216264298107284,0.221558158735784,0.142782528502628,0.188580348367429
Cox6b1,0.166690117165472,0.163796122098373,0.194972565476017,0.167296477299577
Dnaja1,0.172679983518183,0.163560534941872,0.17178651934102,0.181779332528417
Dpys,0.185545252380733,0.185104246907422,0.184741862428475,0.148753354165775
Hspg2,0.193285488027245,0.166053704044797,0.199491649664316,0.177721357920352
Nit1,0.147323509873613,0.186104542631484,0.180835424678639,0.182907609706396
Cltc,0.16903644522615,0.162948391056803,0.194041615497634,0.173056185730021
Fah,0.168535668217212,0.168469639302925,0.187110697069914,0.179887336922791
Ric8a,0.167461729646249,0.203510696794584,0.0886884706188214,0.174022360518212
Ces1d,0.166671014579806,0.169227519795489,0.210636317653418,0.154295411824154
Lrrc59,0.218740646007851,0.192139714686887,0.135972457051256,0.2079743083757
Lman1,0.181042950393256,0.178512693128479,0.120531324929531,0.19798214339218
Rab1a,0.174239521032834,0.176899950676464,0.142887678658771,0.184963607172182
Rpl7,0.177448768841158,0.185726953335683,0.114408552428193,0.197539413545099
Atp5d,0.155607473920076,0.179722257074512,0.21091592528866,0.1637350986421
Ak4,0.148116176228144,0.147274825678527,0.184010713345745,0.158943105773141
Psma4,0.216202017921493,0.1687796019145,0.18189871900585,0.164323839927185
Aldh1l1,0.15848857042319,0.161079461059704,0.218676740998788,0.163790455951133
Tufm,0.170559197531911,0.160549614597563,0.18612648918781,0.169430471756976
Scly,0.183133359130194,0.168974917682514,0.182453584899299,0.181185780642286
Rps27a,0.182958505448058,0.184301562427813,0.173745370051623,0.168348250481784
Hsd17b13,0.190630071896103,0.183782971319652,0.177326442296566,0.165829461862227
Maob,0.177472732755141,0.169900219191491,0.143017171471993,0.174621151731517
Gcsh,0.151406989772416,0.155215863248268,0.197401432431804,0.163674135737977
Cyb5a,0.185443878832231,0.163336426380311,0.1790256294301,0.168005617906917
Cisd1,0.192645659274176,0.180882396546714,0.144097898583102,0.176406261231182
Larp1,0.213288827868908,0.191506238035942,0.149231318486568,0.201190330355308
Vmn2r75,0.136651767458191,0.155993795865835,0.198648939755073,0.163956107370825
Eef1a1,0.194398154997896,0.184319021432658,0.195912667582294,0.158647310034046
Cyp2c54,0.174811131213956,0.175539482909826,0.164085458937797,0.145464711748958
Serpinb1a,0.206046835217598,0.183185383720756,0.169280016526925,0.13447718856375
Rps17,0.159327008545846,0.163987923612086,0.174657259869781,0.17918302979231
Eif4g1,0.186624941060799,0.182458845808502,0.164521307039063,0.17605950064105
Atox1,0.151388836787422,0.168623088139634,0.178828416404677,0.183707267140552
Cox6c,0.182717653526443,0.167688435789816,0.115544886422721,0.185709600073397
Rps29,0.198644301735175,0.18949248811974,0.134992470211641,0.19484513613873
Pabpc1,0.161540890385493,0.166576516276632,0.173897837697054,0.179628963584069
Mup9,0.178545411559471,0.141537148683985,0.150012914331606,0.422627767364377
Hagh,0.17345792793747,0.179998058044281,0.171277506605053,0.161790088947762
Echs1,0.169855738927708,0.162298454321091,0.190041869634622,0.159560279181633
Rdh7,0.179348103524202,0.170616052687801,0.146888600944442,0.166595482167062
Snrpd3,0.182058323493286,0.169815580471881,0.160016887815234,0.211035573249277
Anxa7,0.17304719126778,0.157385510104228,0.140122077235398,0.164171271090473
Ddost,0.17862160762526,0.166243372838615,0.159076014024744,0.182645798322124
H2ac19,0.16731754230661,0.184812179307759,0.132679432430339,0.165719695704422
Rpl18,0.177131357028549,0.180737287515636,0.129436418996753,0.194770343721552
Serpina3k,0.161699138114192,0.161486538423274,0.18061983332569,0.175378678213728
Mmut,0.213939454814531,0.171977578899529,0.171385999492759,0.167063823910238
Ces1g,0.160158232011814,0.19116487399737,0.208404820558955,0.17014950540524
Nqo2,0.15859709647893,0.162863230919733,0.220289326233857,0.153990398954667
Ndrg2,0.170306468157473,0.159444339635521,0.186848589173271,0.171452522467083
Actn1,0.184333119724178,0.167105936112579,0.164663190510515,0.166700842251845
Selenbp1,0.163675036244668,0.169535098906018,0.206772841727709,0.155063120107232
Cpt1a,0.179635054541714,0.177572920000016,0.12941344858301,0.18205930200985
Ndufa12,0.146070813555345,0.156357641279773,0.223735892360737,0.148838945167775
Gcdh,0.166989923363423,0.165757657314622,0.189584199851933,0.175523146969782
Ppp2r1a,0.164368320172012,0.148115636319905,0.176236641664664,0.173261501697099
Psma1,0.171963129609866,0.177557671537266,0.177615395516068,0.166080664170355
Nadk2,0.162400900543788,0.191315327889845,0.156976045623214,0.175134733684853
Cryz,0.159759913285185,0.172340966976273,0.186491918712982,0.165008249478596
Actg1,0.174752062454519,0.160287753940542,0.182817749730508,0.172447474966111
Lactb2,0.185751697678295,0.168542112480874,0.171689333574031,0.17595445667279
Slc25a15,0.183334713879479,0.169176959617505,0.172411692025163,0.178541208828335
H3c4,0.217953926005378,0.198006204166276,0.0933764196317346,0.175504359700119
Ivd,0.177838762087732,0.16176195141455,0.192714337357348,0.15889162639489
Amdhd1,0.181380242563762,0.166587252808779,0.191114205534269,0.160541103569274
Lmnb1,0.185461707195704,0.181682083497817,0.155277292050695,0.170038938082652
Cct7,0.166509643765879,0.155777247212627,0.188531952385994,0.178632705955544
Psmb7,0.154849656745699,0.150616470599054,0.219510180951251,0.150331527463389
Cmbl,0.174312561250799,0.185515859387971,0.173078733907115,0.16351038949406
Slc27a2,0.183028135547876,0.163866480292241,0.132211512675744,0.188744441902633
Fkbp2,0.172085965576277,0.169684384103188,0.156951440797878,0.173705581586734
Sult1a1,0.15332469289937,0.15933397682184,0.194474467359376,0.173357465739059
Ttc36,0.174261642222657,0.161078311295118,0.170913776813424,0.139168427000344
Cyb5r3,0.170148413935372,0.173578880494392,0.164335080938597,0.179409921682174
Myo5a,0.202580539399168,0.205233209506833,0.153955948902122,0.137032484928341
Cyp2d26,0.174596511331527,0.168289495927264,0.160310208483765,0.176494433338679
Fech,0.16312390167565,0.168797019491001,0.176773790908379,0.170647646737379
Suclg1,0.168211121778709,0.168577101314878,0.178822451032147,0.166946784389602
A0A0R4IZW8,0.152673597224556,0.14910110357536,0.164042435302013,0.181823785383194
Ahcyl,0.164042706787624,0.157954856498832,0.207505006975271,0.160252715180338
Fabp5,0.155766410128951,0.166839232341509,0.197544498496057,0.17166751903764
Hnrnpab,0.182367059650533,0.183717025626001,0.165192386629204,0.139788598358372
Mpst,0.190587437229391,0.178145634049549,0.189859609459269,0.170897084578862
Ptms,0.17192236027875,0.226727337533859,0.236354932918106,0.180685103976921
Phb2,0.181518821209016,0.172700096502873,0.167924133293745,0.161346720178966
Bphl,0.168191617628736,0.160781640183808,0.1936632031264,0.16560483450863
Iah1,0.139701085917224,0.166069712177716,0.19421889395134,0.160913264136377
Fdps,0.173814419378645,0.182449122575942,0.17706521795064,0.171792470352435
Tuba4a,0.148480290033607,0.176696170605803,0.170676149330095,0.17294312883215
Shmt1,0.184597926325233,0.177568797736775,0.175056357005529,0.164246261534052
Ndufs1,0.190611052626992,0.169638159181867,0.180252312760592,0.155189292271424
Hal,0.161555335688479,0.169515030378027,0.173812339066811,0.169959840945793
Ahnak,0.173028327940046,0.186543395445684,0.18225349828748,0.157840166853683
Dpysl2,0.1899116711721,0.183749661338985,0.177313141642815,0.149283125911147
Rps12,0.164425053412507,0.172506201410551,0.184822035890698,0.174606604201255
Cttn,0.18866952220768,0.187650997802043,0.164684277951128,0.154973587184466
Rpn1,0.18650406007071,0.175456850761976,0.164018001896863,0.189058396478645
Vim,0.182874982379676,0.18010980054442,0.164383275993493,0.17480926882383
Cyp2c69,0.173071396369514,0.17089015208133,0.132862993240479,0.178345866481436
Fth1,0.192871605943617,0.188633347063078,0.143689081555429,0.147661299929952
Eci1,0.165432416648276,0.152956543448789,0.215484434039191,0.148328164837258
Ppib,0.166290280265378,0.157053929415319,0.182044815051001,0.180074331447072
Col6a3,0.188892386671039,0.206954272125039,0.162867757338657,0.196810683753145
Pdxk,0.159140755346282,0.162061334292196,0.194839986601059,0.16369781335882
H2ax,0.182676350741284,0.191437686519952,0.136105842936064,0.174794652822515
Qprt,0.178284549811737,0.175244070498172,0.157896260477067,0.1720789792226
Gldc,0.17131648104514,0.169948143236178,0.18651386462965,0.180458563108448
Atp5k,0.177060129745747,0.179714559599886,0.13903365922227,0.179279569241026
Blvrb,0.16703186273162,0.173808137368784,0.171524349700615,0.177633613766706
Apob,0.177457431072212,0.169516759814641,0.152264435455729,0.170426103087404
Dhrs1,0.187867645039577,0.175570954900223,0.156534155025975,0.159170054303469
Slc25a4,0.181553758955146,0.180021274217261,0.139358558986571,0.193970679415195
Hsd17b12,0.180903121206602,0.17857915502221,0.141564832914377,0.187005876194818
Agmat,0.16013736622584,0.169099482531737,0.18285767018147,0.162953347655111
Ddx5,0.17316888722099,0.172736860197005,0.151972200535673,0.168907598065038
Pcbp2,0.19322953129755,0.167460701053305,0.129657939300598,0.157635675684537
Rpl26,0.166824001655041,0.179292045744876,0.141991678815063,0.170146137318156
Ech1,0.171683575067608,0.160692634077698,0.187953480718918,0.161217350144363
Pnpo,0.183495919099951,0.179250267289288,0.175672112268943,0.159257242913321
Txnrd1,0.154829290987855,0.162781881088347,0.195355407530307,0.17306111754103
Rpl36al,0.173428758390767,0.172316965156066,0.143387577233395,0.178820427259425
Plpbp,0.169097422670827,0.176994953010146,0.198356520760435,0.183183020789807
Dlg2,0.159445775239638,0.145840596552828,0.211539724450252,0.143756285511745
Papss2,0.17101423802638,0.169627121931312,0.19037639490285,0.179406871899814
Copb2,0.156192099132462,0.152167474081679,0.179217457036187,0.167955570724965
Rps2,0.171242169157346,0.157631103174523,0.168806980655178,0.181549222107961
Mpc2,0.196964990830611,0.161692505243733,0.102630128478226,0.21561378251516
Dmgdh,0.161820003647663,0.171147573598832,0.204593039286228,0.160279196828105
Retsat,0.214587661045653,0.201626837368247,0.14665181846104,0.174089765286837
Atp1a1,0.18462864631727,0.168983071485956,0.148993172758111,0.18097624462756
Akr1c14,0.161175637425959,0.173904472750224,0.169829702314985,0.19004521981539
Dars,0.19013108644851,0.184260450949083,0.180055406615124,0.150326650329978
Rtraf,0.149367536500528,0.172303243223943,0.177657975445021,0.178131021307837
Fn1,0.207114681085482,0.194563049319226,0.165096717780177,0.213898238924763
Gcat,0.163250958531464,0.153956862598894,0.212386110086472,0.157528759526954
Aldoa,0.171542939155373,0.173709993758955,0.197746228876077,0.169710934952728
Gclc,0.168105583142793,0.165169684713815,0.173324122382799,0.158476832414974
Rgn,0.17415908816087,0.175469834510107,0.171122607614997,0.15022036997035
Cbr4,0.162236293956581,0.177735379599909,0.197489586461626,0.1745235346218
Pgm1,0.167051430618642,0.166145466994309,0.205206240392797,0.155229969648163
Slc25a13,0.174591942236932,0.165223753599734,0.159332448613723,0.176325319563222
Ywhaq,0.164442409335052,0.167939796801234,0.163212768619838,0.17266265324386
Pecr,0.171578982947247,0.173280525777527,0.188487827051116,0.158681312401253
Ndufs8,0.168555074212736,0.169500474412991,0.18282223061183,0.174223852870735
Ywhae,0.171366224735796,0.173631350477117,0.196679226407721,0.177339593310657
Oplah,0.178743133681634,0.235914409678907,0.180929013300155,0.166786979750342
Echdc3,0.162163610677228,0.160782176918591,0.183418243432404,0.172431949383286
Serpina1b,0.17517380983754,0.161143719768207,0.159628454890928,0.217742815685503
C3,0.170972996910699,0.173071316749211,0.1672446902127,0.209262462687192
Prkar2a,0.126478204023579,0.165234220424943,0.17272629004714,0.195396262496313
Fis1,0.171506300683412,0.164291537024327,0.172484676428447,0.174606616496576
Slc9a3r1,0.167180342115292,0.168165581921583,0.202275460052414,0.164923255883771
Lrp1,0.202681909298052,0.202060090332128,0.160210721945499,0.18379080498444
Rps8,0.176083557639523,0.16753305647314,0.157181892943379,0.176924470886601
H2bc23,0.18057506801911,0.172384931371017,0.166140917645804,0.168293297377645
Clpx,0.179769104697634,0.178757475339209,0.175665886041474,0.157592946619324
Tgm2,0.167529436735053,0.167623573289457,0.177326436444843,0.199417688422267
Lcp1,0.164260823333699,0.181510246234567,0.181781262932398,0.130028444549032
Tars,0.170500071725241,0.181035203276672,0.171962996961808,0.160463132067518
H2aj,0.203703307060918,0.180588794849035,0.128543017160007,0.183654300257906
Cenpv,0.167596424197603,0.196010214008283,0.165212374284842,0.16918238691519
Rpl10a,0.179839856452504,0.169244132642381,0.14975233538374,0.175650087941645
Rpl13a,0.168980774624291,0.17443168218963,0.168490560797131,0.182404243046413
Hsp90b1,0.1751080889632,0.159473246042311,0.193173100963731,0.169902225326826
Aldh2,0.18850814536241,0.199794044537941,0.189307074410165,0.155753317684665
Cs,0.173686347825506,0.16172866228839,0.162607038317232,0.181256174360464
Uox,0.169946310719926,0.164452198349752,0.212633769887963,0.144314252805096
Aifm1,0.176747566295657,0.173631700501601,0.171886211983527,0.166337468155402
Mug1,0.148247026634295,0.159511767272097,0.183230369156055,0.161476150364063
Rps26,0.167623417133734,0.180989444122789,0.118781914775921,0.185018259031194
Ewsr1,0.179079567208131,0.184979880781993,0.156403793912733,0.171211241680165
Rpl21,0.157072342836686,0.202983311457392,0.125298625448969,0.168131334482171
Cyp17a1,0.149808794766883,0.164364114876247,0.170614885270913,0.218801361014442
Pon1,0.171458533233693,0.160825633497003,0.13770263778376,0.193247230833542
Pgls,0.169240410085089,0.178580324357969,0.171762080253686,0.175286207510312
Acad11,0.180419933230787,0.172133699572632,0.160291719882405,0.180688092813804
Mt1,0.153877983325075,0.220930933820203,0.210213967626471,0.202330983117907
Matr3,0.177983356080913,0.208635141175648,0.151822630190873,0.151569142921307
Acat1,0.16658970937412,0.165325861157797,0.18879200172142,0.162931430671754
Hibadh,0.173234381941487,0.163383983088049,0.194438109533188,0.158580594056802
Rps19,0.169650338348367,0.178574278225663,0.152428889254589,0.178004966427602
Glrx3,0.170924529420048,0.172792320549853,0.18015094081427,0.183203934649653
Spr,0.166388488144227,0.165554578519101,0.194164354937754,0.158933772100123
Mtx2,0.174192580504386,0.160112707983232,0.168729911643858,0.163685904062372
Dynll2,0.158573836985451,0.156870952766635,0.226862950806811,0.167840585556338
Cyp27a1,0.1924696230546,0.176180012830093,0.16253961173793,0.178788573054364
Arg1,0.165078510593675,0.168455371977701,0.181294460808685,0.176082719142519
Dnah2,0.157793111157665,0.148727958324264,0.17831469805503,0.171192207455209
Auh,0.151798431301318,0.152986015033293,0.172841655015445,0.171502865048521
Dcxr,0.188877529289629,0.174644947320699,0.184155725234472,0.154066262113661
Rpl36,0.162094315158869,0.166590301221843,0.165323021306544,0.168149928766555
Eif4b,0.181154669874063,0.183077996757619,0.174184153994273,0.1636040222448
Ak2,0.171815245353976,0.171776637877607,0.179335011645615,0.151056395854531
Rps25,0.170578067020575,0.178223026551865,0.160752868273446,0.174026107526835
Macroh2a1,0.166975945448222,0.164530808589963,0.160261281483345,0.179703149837972
Hgd,0.175182399653812,0.164160174073597,0.207284315470514,0.156940190852752
Rdx,0.171587543657738,0.18004936178148,0.168044750483671,0.177982613813348
Aldh6a1,0.173927155278831,0.160387886441049,0.219479454003842,0.150719013108235
Glod4,0.174143104399473,0.170471795639584,0.179186755818291,0.172023471947144
Itgb1,0.161972262420303,0.183454081118914,0.159505600995505,0.184169501114455
Anxa5,0.184511420101876,0.161019734088308,0.190874597302714,0.172502686476243
Rad23b,0.171628201510389,0.173635282993297,0.196060788017998,0.168999740803788
Fabp2,0.15991288160798,0.173869015585113,0.210366486062546,0.152010239175762
Gstz1,0.177819242131999,0.170757234681637,0.204802910629214,0.16237342105614
Rpl10,0.177453889936632,0.171317128533323,0.144943594999296,0.180608305061368
Rab7,0.151076553849842,0.152258268177159,0.162877163060783,0.169188525570125
Hmgb1,0.181181090007089,0.238682961698623,0.169835122127198,0.162966457774869
Vcl,0.197370471648263,0.194722809112457,0.163577665305277,0.18572225669268
Uqcrc1,0.167442589757057,0.169318765953675,0.197094698696561,0.162754723340885
Sfxn3,0.119816087846794,0.161164108149803,0.143449332694266,0.256269371875013
Qdpr,0.173708323693089,0.166218741592306,0.21004473104044,0.15808995648818
Ybx1,0.149491527889665,0.200348028833009,0.16528660328661,0.224966313366145
Gpd2,0.170355271177163,0.18353989587806,0.122973722457887,0.189306506377078
Rmdn3,0.235089505138728,0.161594811427977,0.138829299780429,0.176925451561602
Lamp2,0.176842557500113,0.160184925616949,0.163168696118023,0.188295666123713
Npm1,0.173529971997367,0.172386477495576,0.172259619519428,0.161523339080976
Vwa8,0.164835552258968,0.149639104331217,0.164234560804678,0.212675219506752
Aldh4a1,0.172896452565456,0.164799889273167,0.208429581990666,0.153095092218759
Sod1,0.170952741010915,0.175632460325271,0.228149622986721,0.160354501420032
Bckdhb,0.158186427242536,0.171287932519777,0.198259504599844,0.168609908505665
Txndc5,0.166056406955266,0.158482517607769,0.179391809028464,0.175434939969728
Rps23,0.153124233620433,0.169544187989197,0.168071274421395,0.172481745167632
Psma6,0.173645536870326,0.164327915126014,0.17003906310102,0.175639130271354
Cdc42,0.173515282296874,0.168233931784431,0.122232545710734,0.187906047624212
Vdac1,,,,
Hnrnpd,0.170830054072883,0.169222301970426,0.186363536547335,0.170292536427533
Gstm1,0.161148336537633,0.182901169728081,0.208687711090613,0.143443417447269
Inmt,0.162400999437542,0.158489007614643,0.256306630484972,0.125511113480741
Phb,0.160872621742862,0.166685566426394,0.190596644733134,0.165716580676391
Atp5l,0.162826905312906,0.162977927911431,0.174185901886899,0.190205112839813
Gstm2,0.176089188126604,0.215548722753844,0.194167470705844,0.162497980040213
Mcm10,0.153949749113521,0.171291824548185,0.20632522849322,0.152438811167027
Dnah10,0.182959682233195,0.185890308703501,0.134560600926964,0.178022306519679
Flnb,0.16406125311197,0.199594654451257,0.169986039619767,0.172370311473149
Gatd3a,0.167689003405925,0.16909008351735,0.189789146099636,0.160229243021543
Aldh1a1,0.16412847964063,0.169910235713956,0.221534784846341,0.178310391584847
Pdzk1,0.184953958285393,0.167276720034165,0.170209451152235,0.183448429732934
Ces2a,0.172682273342371,0.158208201896554,0.21604732878814,0.158782146538517
Ddah1,0.181251896450908,0.181737111570439,0.188676030662258,0.143344040581499
Gda,0.15895081607283,0.16753909166031,0.184849739420461,0.156545380038172
Rps11,0.161609095060683,0.171562017111272,0.137006590066083,0.170967220666442
Eef1g,0.16836108890838,0.173218671501885,0.17706805285059,0.173480039497673
Abhd14b,0.162468183087434,0.169376390596639,0.19787924799325,0.157326287800266
Ddx3y,0.172205317029316,0.176881553004173,0.151214476141484,0.186338829241263
Sephs2,0.163424329997355,0.166346709134102,0.202295832658122,0.159266816477288
Sec14l4,0.1471515014193,0.156664660021979,0.181001797563408,0.166757038415937
Ugdh,0.158676354533818,0.174290854724405,0.165026453239745,0.176047531358561
Naprt,0.182980180247879,0.172640093052349,0.185910719144396,0.173660070282071
Fmo1,0.192650296623207,0.175072341629888,0.114793901848673,0.18036686934541
Aadac,0.169795834146877,0.170089503676694,0.140090528631282,0.191605798226653
Ndufa7,0.184902818986551,0.159055986468102,0.142976907744416,0.165827762572638
Acat3,0.171923502083806,0.162370491431173,0.182766735374716,0.168041387732606
Apoa4,0.169651799957162,0.151788932986461,0.23920522847135,0.287405126340645
Pcca,0.179189232981807,0.179870440879057,0.180762819861389,0.173924480193434
Clta,0.174413332682955,0.184973845536238,0.165670218409128,0.165587157658733
Gpd1,0.169651850050911,0.172272010023153,0.187330318090452,0.182978714730822
Krt8,0.171735771086988,0.183714538272641,0.185111025580893,0.152926047900158
Msn,0.209349096286079,0.242035229676906,0.181935862881425,0.178744686278073
Hmgcl,0.168633180472146,0.173901798001934,0.175493398479517,0.169930197420133
Akr1d1,0.174425792609786,0.1776272888231,0.200026904120565,0.151364953923542
Sec14l2,0.170237993163048,0.167014795493153,0.190293228750335,0.161187808651435
Arpc4,0.160214973678399,0.188790926872236,0.133628645187845,0.171401109097129
Actr3,0.171946966742669,0.167648730190656,0.202837478470158,0.160432360176603
Ddi2,0.173489056746307,0.17248192803186,0.191113162377761,0.189711360634692
Coq8a,0.14480724461109,0.16518973494951,0.178789186641086,0.164037338588922
Ugt2b5,0.17359687733366,0.158221997858684,0.130012847201715,0.187189461980242
Ap2b1,0.171620970252241,0.163039740420541,0.170318831924473,0.168871670208735
Rnh1,0.168208983001325,0.159499138071527,0.17391289016672,0.180438772277401
Pipox,0.156369047574173,0.185765902811101,0.188586318965718,0.168517095963534
Pdcd5,0.226614438551223,0.161375161405086,0.182803869873201,0.162399641031808
Nucb1,0.175382298417128,0.161594928175609,0.165337795000398,0.169541510725272
Sod2,0.17773951414731,0.166671879451463,0.189481792614859,0.156347624711952
Gsr,0.182865192186771,0.162771612001286,0.175099583803852,0.165432080404251
H2-K1,0.176276987033844,0.190708692729883,0.145546043685006,0.214440167287178
Sec31a,0.190409144449611,0.171170614886653,0.180844306591761,0.171198722327921
Ttpa,0.16173620269585,0.174083199343874,0.177678905451708,0.209227349510115
Tardbp,0.173478129552001,0.175492970103875,0.176422697545565,0.173181813050845
Etfa,0.165190115245616,0.165158540805365,0.181320793372154,0.159255463595299
Cat,0.176851248948024,0.173148816231833,0.199062805942859,0.165900663697928
Gls2,0.165069543808413,0.18240059086953,0.165502849832732,0.171252193434512
Khdrbs1,0.181360998758411,0.185320389650707,0.144049091403677,0.173200775442494
H2-Ke6,0.175882806848872,0.171859181217033,0.188079079333062,0.163512764502224
Slco1b2,0.172484453009332,0.165884556420839,0.132665719859897,0.162930314756946
Lgals9,0.190684490100044,0.169540392264502,0.150090265225347,0.184690675045749
Akr1c19,0.169972297379177,0.158872300028984,0.184890825615643,0.155949565569809
Dld,0.173953389983467,0.165599373766372,0.189323954365299,0.15229537369292
Rps13,0.172573990810763,0.165181706360817,0.144628594835162,0.176506438786986
Rps4x,0.176799466285459,0.167088796563033,0.153402650575626,0.185354776020638
Pter,0.164101257810981,0.173775088719428,0.189389773543779,0.173048258944301
Tkfc,0.172360529641692,0.163004826693646,0.203024097134364,0.163280233965718
Cyp3a41b,0.165336270994888,0.135081493295456,0.139742773447527,0.278543273018002
Ogdh,0.163333942909033,0.167050910035774,0.169312371947894,0.20714719025873
Uqcrh,0.176082705671573,0.175881255530715,0.17948774634912,0.162465594133871
Pck1,0.18174599027483,0.170031561803864,0.178325732227579,0.171530945092751
Rapgef2,0.153745078443944,0.185334038661502,0.138780670241675,0.180072294417033
Khk,0.170119436089537,0.181999992009449,0.197026154455511,0.172047377654397
Acadl,0.178625175787255,0.167624205243081,0.206644336832165,0.154971715999951
Bsg,0.173852101747911,0.170327073527945,0.171354554095747,0.184595467773714
COX2,0.159133347631877,0.163933766882325,0.132296162099031,0.205501205744459
Gdi2,0.141824016210692,0.1627599795446,0.1531791966994,0.207512890056782
Mvp,0.156090168760288,0.189661395969373,0.186163795314696,0.151787031741752
Aox3,0.161668462816379,0.180817624774115,0.162803080166757,0.173829810992372
Hsdl2,0.179470288451069,0.169778536761196,0.174092444542686,0.180260204591395
Kyat3,0.170168753325503,0.156038208435241,0.19829749077739,0.152063554599692
Cotl1,0.181988833230818,0.167288955402373,0.157239558325424,0.168842734751136
Vta1,0.16962320701481,0.162593376836897,0.189407718189045,0.1684096184181
Aco2,0.163076085646751,0.176171214540249,0.185309807269836,0.168210885449908
Hspa9,0.169104747513807,0.176431737017714,0.19283245799439,0.16564531439469
Eprs,0.164546882447489,0.179814929556076,0.165586272698127,0.179253190602337
Coro1b,0.165377147081161,0.171738644971024,0.166643513909006,0.156358816752166
Hmga1,0.171449581779602,0.181349558636147,0.149259779708277,0.171198655875893
Pkm,0.169062207691674,0.171067221682926,0.183384414225267,0.172696345523283
Cyp2a12,0.193826982897325,0.172345737060767,0.140389554204241,0.205417159631347
G3bp2,0.185341904163923,0.168414515694133,0.166510786364273,0.174373036879527
Atp5c1,0.167330589298747,0.166119370524015,0.182562227838283,0.157864010274246
Tmsb4x,0.176815819632481,0.18903327351072,0.169542062973653,0.208218846519544
Gsta4,0.174268803380302,0.170591613327672,0.193395252213474,0.156061017809876
Ndufs4,0.158687857621025,0.17766131176318,0.1701040032517,0.169430838637315
Taldo1,0.185711343073752,0.183672431383051,0.194138643049794,0.164531998708858
Hnrnpk,0.177406616005054,0.17636090955253,0.175462505422815,0.162326873414904
Vps29,0.171548405846787,0.167324221957017,0.179876844982902,0.151762117082317
Got1,0.168816511829179,0.164054810978784,0.197089334309131,0.158846159762435
Tpt1,0.177068804733268,0.195257864360084,0.200056871437968,0.171246372101923
Pbld1,0.181189850981583,0.174069211539365,0.212868400368954,0.172839714658862
Anxa6,0.163634715851063,0.159289213945481,0.184318649655444,0.16661098832158
Atp1b1,0.161441212600318,0.167794270368093,0.151467278462975,0.178133843238411
Shmt2,0.173086217434022,0.170173974425148,0.170984039251433,0.174190901399911
Rpl11,0.174493151661854,0.166028355723631,0.159626678674428,0.193109761609831
Haao,0.165767161676527,0.167141838814593,0.198638715055557,0.161982636900148
D3Z2H9,0.166972725031545,0.17093823012071,0.18241603806036,0.173780906666392
Sord,0.166577990915818,0.161843329750617,0.212160349056094,0.14971242103935
Ftcd,0.178263539782093,0.159796730891036,0.198445545390989,0.15168641504466
Ptprz1,0.149661174814962,0.188666478704111,0.193453267968919,0.16080191222746
Vdac2,0.176492457617839,0.181284490066574,0.135594421328166,0.188971756654248
Sptbn2,0.160263838954421,0.165147398548198,0.167749526801461,0.158023209896166
Rpl7a,0.176323807382453,0.16775376642506,0.149612702824558,0.170140421476495
Fdx1,0.156608776345532,0.166773232763618,0.204074783239356,0.157909938521642
Psmc3,0.16879692010971,0.177657384403556,0.186217760746502,0.173206994183274
Inpp1,0.138169825120616,0.161948521805132,0.158622574697895,0.193031449484659
Rdh16f1,0.166218068906253,0.157927653241404,0.153293837800833,0.213604523034934
P4hb,0.181848438519615,0.188469296079713,0.175762514479297,0.182731035962046
Lmna,0.178962687516566,0.189555712823343,0.167085993216206,0.168194833349247
Tex14,0.198234013566874,0.163670481647747,0.21505238492187,0.14553417847594
Tubb2a,0.166366880234936,0.159468399566312,0.172791098577291,0.172689746982285
Ugt2b1,0.172631974647331,0.168887553612305,0.15861080416734,0.189353836397901
Vdac3,0.160047871499897,0.17396191159148,0.149426292460562,0.17890321332788
Ces1f,0.174464632050167,0.161156872859037,0.189424558204012,0.159365386997495
Sfxn1,0.165060943992077,0.166489060644881,0.158447298227369,0.197598430689311
Bpnt1,0.176642660803854,0.166245016923382,0.182447259855561,0.164240445073713
Ndufb10,0.167979276193446,0.177671384212007,0.174023778375269,0.195758089159597
Abce1,0.171877330885255,0.163650911759722,0.168892678350385,0.172242613405613
Ppid,0.152538196292676,0.16780518580902,0.180728908638149,0.157503597961386
Eif6,0.164546318700227,0.151665549496562,0.187550674173102,0.162067239035533
Acox2,0.166828485799095,0.172235361148613,0.167316136500148,0.15956409823649
Cmpk1,0.173330207168593,0.174259986206078,0.178116914437608,0.171366886522505
Cbx3,0.179376349986292,0.182528935680672,0.19609258400949,0.180779189325296
Aldh3a2,0.177179114201247,0.166266790405151,0.13420490318698,0.192395305362855
Uqcrq,0.170094762615152,0.179920757564413,0.153898963460466,0.178928778810651
Hspa5,0.18033188946312,0.167738983805587,0.167004135486883,0.173756811335054
Micos13,0.161807995907389,0.164478046057606,0.136088090717671,0.181165980839141
Tmed10,0.168970911951083,0.159775304279717,0.134307998014463,0.19374701231955
A0A0A6YXW6,0.18474595601925,0.165832899782209,0.196956701864058,0.182485664291356
Hoga1,0.168901820448865,0.173533676846613,0.160091896653112,0.17276955166555
Plin2,0.187710763427359,0.185324276038217,0.18305857420663,0.158462859287788
Prkcsh,0.170185553131857,0.167687333892886,0.196878745816488,0.166981832120171
Chdh,0.168491993317519,0.168913718355762,0.162629547941844,0.154941579163479
Mdh1,0.174107679391948,0.163320813296739,0.189865254818411,0.156001718308752
Cap1,0.177909539715683,0.167463519587273,0.174149094035979,0.167681766604664
Hnrnpa0,0.175315632602806,0.190695944383502,0.188200849941677,0.161459203288606
Hspa8,0.182210441768236,0.163650590927202,0.181182331244188,0.172872798986488
Mavs,0.166181802245699,0.17103311443897,0.144945967547551,0.175685274579296
Apoe,0.185533053639684,0.177172082376344,0.1831761366103,0.169762742216933
Hdlbp,0.176778098884355,0.165735025867043,0.186647633601079,0.171381306886189
Hebp1,0.180935840142766,0.163770193153644,0.200444845242863,0.162398281049013
Oxct1,0.137635376710841,0.153182494835732,0.160587828491843,0.157466756872126
Ahsg,0.153861899530605,0.145637469041941,0.170015729819351,0.279471772011135
Acadm,0.168416168902597,0.174696700158248,0.190699308982664,0.156475967638915
Snd1,0.169545007816652,0.168221957672375,0.176977648742776,0.174752082357782
Agxt2,0.173392803640533,0.166566658620423,0.181008280396691,0.15765170694875
Pcx,0.171630578996124,0.163242190691751,0.185396481836176,0.169006401867106
Fbp1,0.169749777223748,0.175343993090589,0.233899903427272,0.152452064207455
Hspd1,0.169798930163441,0.159987978181583,0.184303762526852,0.163149660825603
Ak3,0.165815359016558,0.171031841842648,0.181998601154339,0.161662077986992
Slc25a12,0.183906810587022,0.164921211288059,0.154553983814236,0.162557735814378
Ganab,0.175919605829252,0.159244607937125,0.161264777392336,0.184962585896853
Ndufa10,0.186726239484683,0.184423074235943,0.19702090132518,0.163417376838742
Park7,0.167096216259021,0.170593111856849,0.19708693898141,0.156914012206461
Glo1,0.166542531561646,0.16817731619802,0.185166266877191,0.150115743409856
Gbe1,0.166880003142768,0.176503583468945,0.184028139051618,0.172127188516699
Fus,0.189611324661255,0.13256216875637,0.16293313607059,0.161356745836711
Mtpn,0.143146875547982,0.173680818189492,0.203055772271199,0.150513582518294
Lypla1,0.179614945546359,0.16646347417598,0.184595042788393,0.15807147250376
Rab5c,0.148934617768245,0.15279301855849,0.143540058740687,0.173482654549896
Hsd17b4,0.18631785896574,0.159889348074951,0.191114409392138,0.171758002694533
Psmb1,0.168832950069465,0.182943278195151,0.189614447063352,0.161826972348763
Ndufa13,0.145008475016778,0.181456440571242,0.116282312963921,0.208439701058511
Dpyd,0.167727233955516,0.178534128152726,0.205938332745542,0.168314131464137
Acsm1,0.162800352371895,0.158942044558601,0.182982156572485,0.168786224582754
Mccc1,0.173479505956916,0.167107802434005,0.184396321019923,0.178716535858686
Pdia6,0.181408635206039,0.174076483890286,0.166105350976848,0.176297987725755
Acad8,0.182160239307294,0.18844685517107,0.188936350149106,0.161822959425757
Tln1,0.17199238963094,0.185262476370842,0.177639239647904,0.179396322126641
Ugp2,0.173649830489218,0.16470074924472,0.192575008077057,0.151056066027812
Aass,0.173963597244128,0.164255894479263,0.176755581172665,0.162762908954684
Sardh,0.199647459261752,0.157167742315618,0.201253991196255,0.160006164058182
Ncl,0.180920814546523,0.181580041509989,0.186598149044417,0.183832603946664
Prdx5,0.189610838926156,0.17039428450269,0.185870419667032,0.182424494391307
Ddb1,0.168145330882717,0.170634281791815,0.188524829708034,0.159299336350125
Car3,0.168776257688273,0.164736464760882,0.205474813775146,0.146575477863757
Galm,0.163767307170475,0.180317646426745,0.17199923809201,0.162453520983275
Rpn2,0.195379309562664,0.172666177093261,0.224840098608175,0.16955583497014
Cyc1,0.164143184764663,0.173979790870079,0.143071981721132,0.191949474836607
Hnrnpa1,0.169158481458692,0.182879792726224,0.174396624230097,0.174820815299837
Fam136a,0.171209368581822,0.16223487855209,0.161217753276428,0.166009902910917
Pbld2,0.171651671263806,0.174937868377879,0.200874333315373,0.157186437661321
Rps5,0.169034611529958,0.169701660298475,0.170224469406822,0.184694901523046
Aco1,0.166658348349223,0.16419205577662,0.189068568942944,0.163881062911089
Fasn,0.175974313437925,0.183921755949584,0.173159519472684,0.180703054989269
Actr2,0.183647349956076,0.142035846874021,0.164259197004554,0.157982667194657
Cth,0.165484264539568,0.171800022366606,0.177426288638153,0.157064897422328
Idi1,0.181763868848077,0.175833934210079,0.167078127813197,0.20211790651667
Psmb6,0.178160291417715,0.18189946574807,0.181192810948572,0.187696943569073
Amt,0.169655680563557,0.163049808209288,0.170807583155917,0.167406994471895
Aspdh,0.172692090539388,0.156858472982769,0.185076501758311,0.169019467524783
Atp5h,0.168779333266139,0.170799209419347,0.149576594426153,0.171514035903663
Lap3,0.172012945085599,0.164130833642194,0.191694230151201,0.153317695582869
Gk,0.179180045300358,0.168393268952665,0.189747551239616,0.162493185575186
Idh1,0.172168276369288,0.176148150801762,0.191283425109579,0.167419364584527
Hp,0.221542399821312,0.200458486049938,0.171449875989043,0.223660873671352
Hpd,0.174517778507132,0.162368940694667,0.205591630458927,0.155559482863235
Slc25a11,0.177509566103481,0.150452580993392,0.145739742561173,0.173847357207268
Gpt2,0.163757296023077,0.204431138810355,0.184856948444491,0.168494598273505
Akr7a5,0.175918659693402,0.175226773599243,0.183534750639388,0.161041483094692
Hsp90ab1,0.170667393102329,0.16265508120148,0.197324599208759,0.167288371692788
Dnpep,0.193462453512912,0.173593103859837,0.183437075670633,0.180463829813529
Gm4952,0.163668403834808,0.165825142889142,0.195463279551452,0.15952629005027
Cox5b,0.177509135314075,0.171110635329222,0.193258758097913,0.160888369400691
Aldh9a1,0.172216260767523,0.164270129845994,0.183470154807102,0.157058119622895
Letm1,0.168243008016258,0.168915007358224,0.125599440857676,0.207525240440979
Sptan1,0.16387813791606,0.169045072638458,0.16673358294373,0.173860931717293
Mtarc1,0.166790778510719,0.168661621926148,0.157569979489434,0.180094843973711
Lgals1,0.171375985286028,0.183835582793679,0.180704964711912,0.164586798405753
Akr1c13,0.16898145400541,0.169335709462228,0.183801672127819,0.158219856388834
Ctnna1,0.155499112413265,0.170343041167522,0.156647109542543,0.181969546031861
Cct8,0.17796263822893,0.172585299303269,0.225988662104401,0.169924222547892
Cct3,0.190155076119667,0.166860502305102,0.195645055496025,0.155711402699255
Glyctk,0.176235412013359,0.191096420826446,0.174592630495305,0.163618144552151
Acaa2,0.18076758415525,0.158630763531981,0.180797416991551,0.159996550982683
Rap1b,0.16035361570062,0.169004146099827,0.163180723296468,0.20510896971239
Ndufb8,0.16546766570184,0.169785629012026,0.136759946069218,0.193443927499887
Cycs,0.16494738180672,0.176951532976038,0.127205512347778,0.196464476989018
Usp5,0.187770464305191,0.180118584295725,0.170465680759451,0.1808703758296
Cct5,0.161094368277041,0.162406219714279,0.178659692315196,0.160329455340673
Acsm5,0.1636381574971,0.167482436890541,0.180179118662684,0.158760675917353
Mthfd1,0.182184618859667,0.173577550133692,0.189320764569953,0.161272016037467
Cyp4a14,0.161740977780411,0.176402566869187,0.137450867470041,0.182279576768019
Ndufs2,0.169608772249507,0.171097114252441,0.187207565708577,0.169546838548132
Rpl4,0.170689540144347,0.162803357455816,0.159643922408404,0.170892727639403
Pgk1,0.1756705802787,0.184222392323823,0.192540245558112,0.16606309694509
Fabp1,0.167143438254435,0.158248556388708,0.160748175858094,0.153676068762732
Stoml2,0.171861673793499,0.184434593761767,0.170158910964666,0.16259926181676
Gpt,0.169422652538985,0.166028077949526,0.166220262332374,0.177766384175123
Rps15,0.168614348974286,0.162491721624354,0.163420544937231,0.173954858177066
Bhmt,0.168007415664574,0.178276522612378,0.265848848456146,0.136022569071432
Psmb4,0.176504950587279,0.167554096325029,0.18405889839577,0.1685390402395
Kmo,0.175761376074188,0.168293759751425,0.128309196865361,0.206737285521775
Ttc38,0.180138695034571,0.184772753649208,0.187768308278482,0.178066668386506
Endog,0.17002691365616,0.186799823221488,0.169555091353616,0.175049826847925
Urod,0.172584909424147,0.168886966005327,0.170535638626068,0.16491664905087
Cald1,0.169245016315217,0.200887826660769,0.205402394996252,0.182404828375277
Gnmt,0.188835260839197,0.177845169532678,0.19026694040313,0.155196872456282
Cndp2,0.163226346360594,0.168764492639718,0.179200915236177,0.171314899290842
Agxt,0.176950612750683,0.161385054048502,0.185711472624079,0.150511054488027
Capzb,0.170940637508978,0.167832233601712,0.186228628485304,0.157283694043502
D3Z0K8,0.16697395674661,0.165866484883562,0.175171181675627,0.154786637551483
Pklr,0.171306006902438,0.182830823767001,0.190065493988835,0.162153203334402
Raly,0.140844463222038,0.164882584576223,0.200272047524176,0.13160035904387
Rpl30,0.166845777566688,0.169632740533218,0.181929186244249,0.175483791185421
Akr1a1,0.170180060885297,0.177769312455896,0.186410247711448,0.161273112949795
Ptges3,0.175330203165293,0.175251575639838,0.178299962603199,0.163681853013653
Gpi1,0.16442172536862,0.167398904640959,0.170870345070873,0.175105856615651
Cps1,0.172255063322664,0.153940759066855,0.207530770432845,0.155412034457837
Stard10,0.157796906438901,0.171841602858004,0.191426044225128,0.16152455718476
Gsta3,,,,
Acsl1,0.170511343351773,0.164278727402969,0.158735873236562,0.169833837445922
Aars,0.174898623148883,0.171960237575326,0.16627327928109,0.19693566849885
Sdhb,0.175954300523826,0.169295305080327,0.184142303628559,0.159926406797265
Sult1d1,0.176802514390311,0.160508788584495,0.167468767057463,0.176072146358404
Cct4,0.178358205712841,0.172198721580002,0.183961404560063,0.157944349220688
Arf1,0.125371341715822,0.176351625169822,0.137765377161515,0.190823742348099
F6YVP7,0.170738358791709,0.165088295643166,0.144776441771683,0.194968709301561
Cbr1,0.177549422471656,0.174585215932986,0.164540593510413,0.167405971836896
Cbs,0.168390143733507,0.170368106569503,0.17814650477315,0.180649701897349
Pdia4,0.173350809505856,0.166195108831096,0.18522124864951,0.171916369683737
Glrx,0.179727633034124,0.177308091632315,0.173260832266019,0.170298566497582
Cyp2a5,0.158184097271757,0.154434145808819,0.124708334982064,0.266992829079705
Hnrnpl,0.187238588024106,0.176264270999662,0.174849615921162,0.164429319501092
Kpnb1,0.199145212224846,0.205179515469703,0.194461674099543,0.17721706866265
Parp14,0.14505114203608,0.178268762767226,0.184430778723572,0.148662329048308
Prdx6,0.172758965263222,0.164076358639593,0.189588168690895,0.161908296102696
Mtch2,0.166784444083383,0.157609338170428,0.144185908698348,0.176833513247582
Shpk,0.179691389035896,0.174398976578935,0.172251920028739,0.172624593249626
Dlst,0.166520547028048,0.182505075109008,0.178564542630681,0.168698907676994
Arpc3,0.14860087557771,0.165941111231636,0.139440377044668,0.188217848425538
Cfl2,0.17838359228927,0.153363288639031,0.166141345804174,0.170059427425821
Ube2n,0.185757892669649,0.169034407936921,0.180268727802473,0.170496410750567
Rpl37a,0.171454328941937,0.166433515171622,0.153513445113408,0.161984611825219
Prodh,0.169110086337264,0.170151547506046,0.150357727626055,0.192405782016745
Anxa4,0.168466427224714,0.16536799894455,0.185046638927241,0.17165367976005
Aldh1b1,0.176040488071816,0.1697086697601,0.188128030027299,0.152911748754668
Fga,0.170281767623445,0.18280937325365,0.136756007602391,0.236277098203737
Pdhx,0.170757902984947,0.163060147301726,0.166239198981281,0.170576890781279
Rps21,0.172631214085283,0.164370457104503,0.181437374317352,0.172590586498489
Dhdh,0.1826047242672,0.162729418857322,0.188219233075994,0.158243961000528
Gsto1,0.178691473341915,0.175032772700226,0.183833254366427,0.181066853700313
Tst,0.169460143824272,0.163048074405018,0.181410439127738,0.156347692837197
Akr1c6,0.161278893261894,0.170594857345757,0.196295143935071,0.152752115489068
Pde1b,0.164718764572765,0.175268858754181,0.106939442776575,0.204203926289106
Pgam1,0.174603402484624,0.161370837846891,0.190432952008423,0.158655849094113
Ehd1,0.159393238277181,0.164378202220916,0.179134101131933,0.150841353266182
Rps3,0.162437482724411,0.178625071784967,0.168177049932657,0.174943865162475
Naca,0.185879192286847,0.167980545074914,0.187173681416502,0.160643852204261
Lasp1,0.176844227153168,0.193307855231828,0.174299994117587,0.191071408324455
Ces2e,0.188363965301322,0.159243768732569,0.180521447752051,0.171639732470407
Ndufa2,0.178892601276516,0.17285056946335,0.18206314530543,0.162788542463948
Decr2,0.180044030049654,0.168667418655023,0.190979888896673,0.175893229992895
Xdh,0.170729013036955,0.17057088444554,0.173952020866752,0.17265227678985
Mccc2,0.169844762521111,0.165738461317753,0.174637168851519,0.166642763549199
Aldob,0.165807339374719,0.17839602198111,0.190304170258487,0.147116539248082
Ethe1,0.164009075116968,0.17369309842498,0.178277956982912,0.15857950045432
H4c6,0.185305828568522,0.15498078814438,0.130160453092411,0.188772564715608
Slc25a5,0.163525239752675,0.163678475021215,0.143439432492482,0.191847195207062
Ugt1a1,0.165660357736137,0.159198737583,0.135904571779287,0.201493415677094
Sds,0.167874643388757,0.168891121736707,0.170569256257883,0.159493225639727
Mettl7b,0.179492165814049,0.160171176295712,0.147725323689433,0.196520561940045
Coro1c,0.133385155019676,0.167636614691742,0.167893350753636,0.166272049202283
Ctnnb1,0.144772652232852,0.168839888580073,0.172782544461757,0.172667799720875
Ces3a,0.172539419775442,0.180903095012015,0.19516627155539,0.163150051790292
Vars,0.180932012993083,0.149801032618118,0.168991367629881,0.162549551614926
Cct6a,0.179724848790947,0.158777033627237,0.183624499478603,0.172677851488789
Gapdh,0.167300111816659,0.175345858817677,0.182417656553279,0.163591354059195
Rpl5,0.177972115149833,0.172551518526073,0.166641406053532,0.171251053102041
Ahsa1,0.168699408412615,0.154144988717307,0.161861195345786,0.178060508403573
Ndufs3,0.177914929723768,0.171204819732044,0.174272768770874,0.168631959174669
Galk1,0.166860988944284,0.192723899554903,0.184585078066515,0.176755490669529
Oat,0.165408394590345,0.194234525082563,0.180620130404136,0.166382322434172
Cct2,0.174245771674715,0.174924713474662,0.179549168499132,0.165696969477216
Eef2,0.186533769114274,0.168191832625687,0.176452661995876,0.176316847043421
Csnk2a1,0.166843869699058,0.158534775587607,0.157739177136965,0.174759161636197
Naxe,0.151862530184143,0.16724011934037,0.186703368285375,0.149837935147341
Skp1,0.161800749201196,0.178931089573403,0.190346235199635,0.151119696700143
Lonp1,0.163605544783944,0.179011841508694,0.17810329714765,0.187269470310043
Cpt2,0.175664697055449,0.170206489049384,0.175443733518282,0.167796405506586
Lrpprc,0.179467691853088,0.170916105604158,0.194533696504044,0.197097419553569
Ywhaz,0.18013804779798,0.179073207501072,0.183538098905332,0.175903557414775
Nedd8,0.172651804320338,0.163189554495569,0.175392424587171,0.162804963482438
Emc8,0.193336783530404,0.175302214784463,0.19327667261298,0.166791242030328
Rab18,0.161753353005017,0.164688752714369,0.143099661009251,0.182089293637144
Adk,0.177831722369479,0.170974035581616,0.198297214893954,0.159713235686414
Abcd3,0.168037824889191,0.170480141399018,0.137371811832593,0.237897304936116
Dap,0.177544269526903,0.174903321277729,0.20352102589475,0.175206713379861
Rab1b,0.182558714411655,0.171097284564803,0.167307565430325,0.206052975137269
